Location,Cat_A,Green_Count,Red_Count,Total_SKUs,Cat_B,Cat_C,Cat_D,Avg_Score
Konya Airport,6.87,5.0,0.0,81.0,0.34,0.01,0.16,1.845
Paris Charles De Gaulle,6.67,4.0,2.0,69.0,2.5,0.0,0.22,2.3475
Hohhot Baita,6.71,1.0,0.0,82.0,0.21,0.3,9.33,4.1375
Ngurah Rai,6.76,4.0,0.0,140.0,0.93,0.02,0.12,1.9574999999999998
Manchester,6.49,0.0,2.0,76.0,0.01,0.0,0.49,1.7475
Warsaw,6.83,3.0,0.0,62.0,0.2,0.0,0.26,1.8225
Incheon,6.08,0.0,14.0,158.0,0.47,0.0,0.24,1.6975
Dubai,6.57,11.0,9.0,253.0,1.04,0.01,0.16,1.945
Marrakech,6.43,8.0,12.0,223.0,0.92,0.01,0.02,1.8449999999999998
Tangier,6.6,8.0,6.0,196.0,0.26,0.01,0.04,1.7274999999999998
DAMMAM,6.77,3.0,0.0,94.0,0.13,0.02,0.67,1.8974999999999997
Izmir Airport,6.82,17.0,0.0,370.0,0.05,0.0,0.06,1.7325
Chitose,4.94,0.0,7.0,27.0,10.0,0.26,0.0,3.8000000000000003
Komatsu,4.76,0.0,2.0,7.0,10.0,1.94,5.11,5.4525
Osaka - Kansai,6.58,0.0,3.0,235.0,0.76,0.0,1.7,2.26
Jeddah,6.45,3.0,5.0,110.0,0.1,0.01,,2.1866666666666665
Hannover,6.79,2.0,0.0,53.0,10.0,0.0,,5.596666666666667
Changsha Huanghua,6.52,0.0,2.0,92.0,0.3,0.04,9.57,4.1075
Gabon,6.79,2.0,0.0,56.0,3.4,0.03,0.44,2.6649999999999996
Chengdu Tianfu,6.52,0.0,2.0,91.0,0.3,0.53,,2.4499999999999997
Taipei - Taoyuan,5.89,0.0,5.0,43.0,0.02,0.0,0.25,1.5399999999999998
Lagos,6.83,3.0,0.0,60.0,0.35,0.0,0.18,1.8399999999999999
Samana El Catey,6.85,3.0,0.0,56.0,3.77,,1.39,4.003333333333333
Banjul,6.9,2.0,0.0,28.0,7.76,0.02,,4.8933333333333335
Casablanca,6.47,7.0,10.0,226.0,1.0,0.0,0.03,1.875
Athens,6.26,3.0,7.0,90.0,0.11,0.01,0.16,1.635
Santo Domingo Las Americas,6.8,5.0,0.0,122.0,0.25,0.0,0.07,1.78
Istanbul Airport,6.79,10.0,0.0,278.0,10.0,0.0,,5.596666666666667
Mexico City,6.84,8.0,0.0,150.0,0.03,0.0,,2.29
Faro Airport,6.74,1.0,0.0,48.0,0.14,0.0,,2.2933333333333334
Zakynthos,5.44,0.0,11.0,60.0,0.07,0.01,0.22,1.435
Jeju,6.06,0.0,13.0,142.0,0.47,0.1,0.25,1.7199999999999998
Ouarzazate,6.83,6.0,0.0,126.0,4.22,,0.13,3.726666666666667
RIYADH,6.81,4.0,0.0,96.0,0.12,0.01,0.09,1.7574999999999998
Weihai Dashuibo,6.75,2.0,0.0,79.0,0.34,1.52,,2.8699999999999997
Pisa,6.85,2.0,0.0,36.0,0.36,0.0,0.93,2.035
Bogota,6.84,6.0,0.0,117.0,0.48,0.0,0.26,1.895
Santorini,5.38,2.0,11.0,52.0,0.4,0.01,0.26,1.5125
Colombo,6.7,1.0,0.0,116.0,0.1,,,3.4
Lyon Saint Exupery,6.77,4.0,1.0,67.0,2.5,0.0,0.38,2.4125
Changzhou Benniu,6.91,6.0,0.0,81.0,,,,6.91
Istanbul Asia Airport,6.8,15.0,0.0,370.0,0.0,0.0,0.13,1.7325
Diyarbakir Airport,6.84,11.0,0.0,212.0,0.8,0.01,,2.55
Asuncion Silvio Petterossi,6.85,1.0,0.0,18.0,,0.31,2.02,3.06
Valencia,6.5,3.0,3.0,59.0,0.06,0.01,,2.19
Erbil International Airport,5.0,0.0,5.0,20.0,10.0,0.0,0.22,3.805
Alexandoupolis,5.71,1.0,8.0,52.0,0.57,,,3.14
Essaouira,6.84,7.0,0.0,138.0,0.15,,,3.495
Oranjestad,6.8,6.0,0.0,152.0,0.25,0.0,0.16,1.8025
Ibiza,6.46,2.0,3.0,64.0,0.0,0.01,,2.1566666666666667
Hurgada,6.72,2.0,0.0,116.0,0.0,0.01,0.07,1.7
Shenyang Taoxian,6.48,1.0,3.0,91.0,0.3,0.05,0.0,1.7075
Ho Chi Minh,6.67,0.0,0.0,33.0,0.35,0.01,0.11,1.785
Reus,6.26,1.0,3.0,41.0,0.0,0.01,0.27,1.6349999999999998
Wenzhou Longwan,6.55,1.0,2.0,86.0,0.3,0.22,0.55,1.9049999999999998
Tokyo - Narita,6.55,1.0,3.0,141.0,5.45,0.0,0.04,3.01
Agadir,6.43,9.0,12.0,215.0,0.56,0.01,,2.3333333333333335
Gdansk,6.81,2.0,0.0,48.0,0.02,0.0,0.18,1.7524999999999997
Ixtapa Zihuatanejo,6.86,5.0,0.0,86.0,0.08,0.0,1.27,2.0525
Bournemouth,6.22,0.0,3.0,45.0,0.0,0.01,,2.0766666666666667
Gaziantep Airport,6.85,11.0,0.0,202.0,1.03,0.0,0.18,2.015
Prague,6.07,1.0,3.0,28.0,0.0,0.0,,2.0233333333333334
Medellin Jose Maria Cordova,5.08,1.0,10.0,40.0,10.0,0.01,2.68,4.4425
Gran Canaria,6.76,2.0,0.0,69.0,0.35,0.01,0.1,1.8049999999999997
Hong Kong,6.21,1.0,5.0,65.0,0.0,0.01,,2.0733333333333333
Leopold Sedar Senghar,6.72,3.0,1.0,63.0,0.01,0.43,0.53,1.9224999999999999
Hefei Xinqiao,6.63,1.0,1.0,85.0,0.3,0.16,6.97,3.5149999999999997
Thessaloniki,5.98,3.0,9.0,73.0,0.26,0.01,0.57,1.705
Nuernberg,6.86,3.0,0.0,52.0,,0.0,,3.43
Antalya Airport,6.78,12.0,0.0,369.0,0.0,0.01,,2.263333333333333
Taichung,6.03,0.0,4.0,42.0,0.02,0.16,0.23,1.61
Belo Horizonte,6.85,5.0,0.0,92.0,0.02,0.01,,2.293333333333333
Male,5.33,0.0,8.0,40.0,10.0,0.02,0.03,3.8449999999999998
Busan - Kimhae,6.02,0.0,14.0,144.0,0.6,0.05,0.09,1.6899999999999997
Lanzarote,6.76,2.0,0.0,70.0,0.35,0.01,0.14,1.8149999999999997
Tenerife,6.76,2.0,0.0,71.0,0.35,0.37,,2.493333333333333
Wuxi Shuofang,6.71,1.0,0.0,81.0,0.21,0.13,9.09,4.035
Hanoi,5.4,0.0,8.0,42.0,1.32,0.02,0.11,1.7125000000000001
Zhengzhou Xinzheng,5.65,0.0,16.0,105.0,0.3,0.02,8.74,3.6775
Zurich,6.27,3.0,10.0,143.0,0.96,0.0,0.2,1.8575
Kuwait,6.05,8.0,19.0,163.0,0.52,0.0,,2.19
Guadalajara,6.86,6.0,0.0,104.0,0.29,0.0,,2.3833333333333333
Medina,6.87,5.0,0.0,81.0,0.13,0.03,,2.3433333333333333
Melbourne,6.76,2.0,0.0,74.0,10.0,0.0,1.94,4.675
Xuzhou Guanyin,6.75,2.0,0.0,80.0,0.3,1.46,,2.8366666666666664
Beijing,5.91,1.0,12.0,101.0,0.34,0.0,,2.0833333333333335
Naples,6.04,2.0,6.0,53.0,0.56,0.0,0.6,1.7999999999999998
Skopje,6.8,3.0,0.0,73.0,10.0,0.0,0.04,4.21
Ningbo Lishe,6.2,1.0,7.0,93.0,0.3,0.09,9.6,4.047499999999999
Doha,5.05,1.0,18.0,72.0,10.0,0.01,0.13,3.7975000000000003
Batumi,6.83,2.0,0.0,41.0,10.0,,0.69,5.84
Daegu,6.13,1.0,10.0,119.0,0.26,0.16,,2.183333333333333
Aktio,6.05,1.0,4.0,38.0,0.5,,,3.275
Xian Xianyang,6.49,1.0,3.0,92.0,0.34,0.02,0.49,1.835
Chattrapati Shivaji,5.05,0.0,9.0,37.0,10.0,0.0,,5.016666666666667
Sharm El Sheikh,6.78,4.0,0.0,115.0,0.0,0.01,0.48,1.8175
Bergamo,6.86,3.0,0.0,52.0,0.08,0.0,0.08,1.7550000000000001
Fukuoka,6.51,0.0,3.0,130.0,7.27,0.06,,4.613333333333333
Madrid Barajas,6.83,4.0,0.0,83.0,0.1,0.0,0.05,1.7449999999999999
Munich,6.35,4.0,5.0,64.0,0.0,0.0,0.76,1.7774999999999999
Bodrum Airport,6.75,9.0,0.0,341.0,0.01,0.01,0.12,1.7225
Geneva,6.41,6.0,9.0,157.0,0.01,0.01,,2.143333333333333
Hyderabad,5.18,1.0,9.0,38.0,10.0,0.0,,5.06
Sofia,6.75,1.0,0.0,42.0,0.01,0.0,0.15,1.7275
Suleymania Airport,6.81,1.0,0.0,24.0,10.0,0.01,,5.6066666666666665
Sao Paulo - Guarulhos,6.85,7.0,0.0,126.0,0.82,0.0,0.0,1.9175
Manama,6.74,4.0,0.0,187.0,0.01,0.02,,2.2566666666666664
Chubu,6.58,0.0,2.0,157.0,2.32,0.04,0.13,2.2675
Viracopos,6.85,6.0,0.0,107.0,0.22,0.0,0.28,1.8375
Stuttgart,6.88,3.0,0.0,48.0,0.53,0.0,0.5,1.9775
Amman,6.02,7.0,20.0,170.0,0.08,0.0,,2.033333333333333
Port Louis,5.24,1.0,2.0,7.0,,0.01,1.1,2.1166666666666667
Abu Dhabi,5.75,7.0,24.0,149.0,1.24,0.01,0.21,1.8025
Salalah,6.73,1.0,0.0,53.0,10.0,0.04,,5.59
Sendai,4.89,0.0,4.0,15.0,10.0,0.22,0.06,3.7925000000000004
Shanghai Pudong,5.93,0.0,11.0,99.0,0.34,0.0,6.23,3.125
Tel-Aviv,5.42,1.0,5.0,24.0,0.0,0.0,0.63,1.5125
Aqaba,6.86,5.0,0.0,88.0,0.31,,,3.585
Cancun,6.84,8.0,0.0,153.0,0.0,0.0,0.01,1.7125
Doncaster,7.32,8.0,0.0,41.0,,,,7.32
Fes,6.51,7.0,8.0,186.0,0.1,0.01,,2.2066666666666666
La Romana,6.83,3.0,0.0,63.0,0.01,0.01,0.14,1.7474999999999998
Adana Airport,6.87,5.0,0.0,84.0,0.21,0.0,0.23,1.8275000000000001
Dalaman Airport,6.79,10.0,0.0,263.0,10.0,0.01,,5.6000000000000005
Katima Mulilo,4.76,0.0,2.0,7.0,10.0,,,7.38
Qingdao Liuting,6.05,0.0,9.0,97.0,0.3,0.02,0.0,1.5924999999999998
Port-au-Prince (Haiti),6.76,1.0,0.0,35.0,10.0,0.0,5.33,5.522499999999999
Amritsar,4.87,0.0,7.0,26.0,10.0,0.01,0.46,3.8350000000000004
Sharjah,5.78,6.0,22.0,143.0,0.04,0.03,0.16,1.5025000000000002
Malaga,6.48,2.0,3.0,73.0,0.1,0.01,0.16,1.6875
Marsa Aalam,6.73,2.0,0.0,111.0,0.0,,0.03,2.2533333333333334
Urumchi Diwobao,6.48,1.0,3.0,89.0,0.3,0.04,0.2,1.7550000000000001
Manas,6.15,3.0,8.0,84.0,1.33,0.03,,2.5033333333333334
Dar Es Salaam,6.5,3.0,3.0,59.0,0.17,0.01,,2.2266666666666666
Almaty,5.0,1.0,6.0,22.0,4.81,0.01,0.2,2.5049999999999994
Punta Cana - Higuey,6.78,6.0,0.0,171.0,0.19,0.0,0.19,1.7900000000000003
Frankfurt,6.82,4.0,0.0,88.0,10.0,0.0,0.52,4.335
Yanji Zhaoyangchuan,6.54,1.0,2.0,82.0,0.68,1.15,,2.7899999999999996
Ankara Airport,6.84,17.0,0.0,324.0,0.03,0.0,0.26,1.7825
Jomo Kenyatta,6.42,5.0,6.0,93.0,0.25,0.0,0.4,1.7675
Oujda,6.55,6.0,6.0,176.0,0.19,0.01,0.03,1.695
Sevilla,6.44,2.0,3.0,58.0,0.06,0.01,,2.17
Phnom Penh,6.75,3.0,0.0,126.0,0.2,0.04,0.05,1.76
Rome Fiumicino,6.87,4.0,0.0,66.0,1.14,0.0,0.81,2.205
Shanghai Hongqiao,6.1,0.0,8.0,94.0,0.34,0.11,0.21,1.69
St. Maarten Princess Juliana,5.76,2.0,4.0,22.0,,0.0,,2.88
Trabzon Airport,6.84,5.0,0.0,99.0,0.01,0.01,0.2,1.765
Almeria,6.36,2.0,3.0,43.0,0.38,0.01,0.1,1.7125
Monastir,6.39,4.0,8.0,144.0,0.35,0.01,,2.2499999999999996
Puerto Vallarta,6.84,6.0,0.0,114.0,0.29,0.0,,2.3766666666666665
Jinan Xiaoqiang,6.67,0.0,0.0,87.0,0.3,0.14,9.88,4.2475000000000005
Mykonos,5.53,1.0,8.0,44.0,0.73,0.01,0.16,1.6075
Lublin,6.82,2.0,0.0,43.0,10.0,,,8.41
Florence,6.86,3.0,0.0,51.0,0.79,0.01,1.0,2.165
Kunming Wujiaba,6.16,1.0,8.0,98.0,0.3,0.03,0.86,1.8375000000000001
Puerto Plata,6.82,5.0,0.0,106.0,0.01,0.0,0.08,1.7275
Bangalore,6.18,1.0,7.0,89.0,0.64,0.0,0.03,1.7125
Seoul,5.74,0.0,19.0,136.0,0.81,0.76,3.76,2.7675
Macau,6.67,0.0,0.0,33.0,0.18,0.34,,2.3966666666666665
Samsun Airport,6.84,10.0,0.0,196.0,0.04,0.0,0.14,1.755
Jerba,6.47,5.0,7.0,151.0,0.0,0.01,,2.1599999999999997
Humberside,6.67,0.0,0.0,45.0,0.3,,,3.485
Aberdeen,6.44,0.0,2.0,58.0,0.0,0.01,0.01,1.615
Astana,6.75,1.0,0.0,40.0,7.76,,2.02,5.510000000000001
Kingston,6.67,0.0,0.0,25.0,10.0,0.01,,5.560000000000001
Xiamen Gaoqi,6.11,0.0,8.0,95.0,0.3,0.01,0.04,1.615
Cairo,6.79,6.0,0.0,164.0,0.01,0.0,1.05,1.9625
Guayaquil,5.23,2.0,9.0,37.0,3.0,0.0,,2.7433333333333336
Toulouse,6.86,4.0,0.0,69.0,1.25,0.0,,2.703333333333333
Moscow - Vnukovo,6.74,1.0,0.0,45.0,0.23,0.01,0.03,1.7525000000000002
Heraklion Airport,6.75,2.0,0.0,78.0,1.42,0.01,0.01,2.0475
Malmo,6.32,0.0,1.0,19.0,10.0,0.01,0.06,4.0975
Changchun Longjia,5.96,1.0,10.0,90.0,0.71,0.2,8.88,3.9375
Al Hoceima,6.67,0.0,0.0,109.0,,,0.06,3.3649999999999998
Milan - Linate,6.88,3.0,0.0,47.0,0.79,0.0,0.67,2.085
Indira Gandhi,5.25,1.0,9.0,40.0,10.0,0.0,,5.083333333333333
Hiroshima,4.89,0.0,4.0,15.0,10.0,0.96,,5.283333333333334
Lille,6.9,2.0,0.0,29.0,0.53,0.0,0.81,2.06
Exeter,6.72,1.0,0.0,67.0,0.0,0.01,,2.243333333333333
Belgrade,6.83,2.0,0.0,42.0,0.76,0.01,0.16,1.94
Managua,6.87,4.0,0.0,66.0,3.1,0.0,0.44,2.6025
Vaxjo,4.67,1.0,2.0,5.0,10.0,,,7.335
Amsterdam - Schiphol,6.79,1.0,0.0,27.0,10.0,0.0,0.16,4.2375
Szczecin,6.89,3.0,0.0,45.0,2.31,0.01,,3.07
Accra,6.83,4.0,0.0,80.0,0.06,0.01,,2.3
Douala,7.0,1.0,0.0,10.0,10.0,0.01,,5.670000000000001
Barcelona,6.54,3.0,3.0,76.0,0.1,0.01,0.06,1.6774999999999998
Johannesburg,6.82,2.0,0.0,44.0,0.07,0.0,0.54,1.8575000000000002
Newcastle,6.47,0.0,2.0,68.0,0.0,0.0,0.05,1.63
Ibaraki,4.44,0.0,3.0,9.0,10.0,2.44,,5.626666666666668
Yantai Penglai,6.03,2.0,10.0,94.0,0.3,0.23,0.09,1.6625
Lima,6.77,4.0,0.0,132.0,0.19,0.01,0.05,1.755
London Southend Airport,6.74,1.0,0.0,43.0,0.0,0.01,,2.25
Rabat,6.53,8.0,8.0,191.0,0.99,0.01,0.13,1.915
Guangzhou Baiyun,6.09,1.0,9.0,98.0,0.3,0.0,7.57,3.49
Antalya Gazipasa Airport,6.83,10.0,0.0,207.0,0.02,0.01,,2.2866666666666666
Cozumel,6.87,5.0,0.0,83.0,0.44,0.0,,2.436666666666667
Danang,6.67,0.0,0.0,38.0,2.76,0.26,,3.23
Berlin Brandenburg,6.82,3.0,0.0,65.0,10.0,0.0,,5.6066666666666665
Tbilisi,6.83,2.0,0.0,41.0,10.0,0.01,,5.613333333333333
Monterrey,6.84,4.0,0.0,77.0,1.74,0.0,0.24,2.205
Leeds Bradford,6.23,0.0,4.0,61.0,0.07,0.0,0.16,1.6150000000000002
Bergen,6.81,2.0,0.0,45.0,10.0,0.0,0.03,4.21
Naha,4.94,0.0,7.0,27.0,10.0,0.26,0.03,3.8075
Katowice,5.0,0.0,5.0,20.0,10.0,0.0,0.36,3.84
Harbin Taiping,6.75,2.0,0.0,77.0,0.68,0.21,,2.5466666666666664
Baku,4.94,1.0,8.0,29.0,10.0,0.0,1.65,4.1475
Zaporizhya,8.04,7.0,0.0,17.0,,,,8.04
Paramaribo,6.79,1.0,0.0,28.0,10.0,0.01,0.11,4.2275
Murcia,6.75,1.0,0.0,39.0,0.14,,0.7,2.53
Kayseri Airport,6.84,10.0,0.0,191.0,2.16,0.0,,3.0
Santiago Cibao,6.79,2.0,0.0,55.0,0.12,0.0,0.07,1.745
Treviso,5.69,1.0,3.0,17.0,0.0,0.0,0.16,1.4625000000000001
Hangzhou Xiaoshan,6.09,1.0,9.0,98.0,0.3,0.01,9.49,3.9725
Montego Bay,6.73,3.0,0.0,155.0,0.09,0.0,0.05,1.7175
Cayenne,6.45,3.0,3.0,47.0,0.34,0.03,,2.2733333333333334
Dalian Zhoushuizi,6.75,2.0,0.0,81.0,0.3,0.17,6.23,3.3625
Rio de Janeiro,6.82,6.0,0.0,128.0,0.47,0.0,0.26,1.8875
Mudanjiang Hailang,6.71,1.0,0.0,82.0,0.3,1.47,,2.8266666666666667
Gerona,6.44,2.0,3.0,59.0,0.02,0.01,1.11,1.895
Shannon,5.0,0.0,2.0,8.0,10.0,0.0,0.0,3.75
Chongqing Jiangbei,5.99,1.0,10.0,94.0,0.3,0.01,9.64,3.9850000000000003
Los Cabos,6.83,6.0,0.0,121.0,0.29,0.0,,2.3733333333333335
Aswan,6.79,4.0,0.0,108.0,0.0,0.05,0.29,1.7825
Florianopolis,6.79,3.0,0.0,81.0,0.58,0.34,0.0,1.9275
Cukurova Airport,6.86,9.0,0.0,158.0,0.86,,,3.8600000000000003
Rostov Don,7.81,13.0,0.0,38.0,,,,7.81
Piarco,6.67,0.0,0.0,85.0,,0.0,0.05,2.2399999999999998
Fortaleza,6.87,4.0,0.0,67.0,0.94,0.01,0.07,1.9725000000000001
Glasgow,6.48,0.0,2.0,73.0,0.01,0.0,0.07,1.6400000000000001
Bristol,6.47,0.0,2.0,69.0,0.01,0.0,,2.1599999999999997
Nice,6.77,4.0,1.0,65.0,2.03,0.04,,2.946666666666666
Yinchuan Hedong,6.52,0.0,2.0,88.0,0.3,0.08,,2.3
Salvador,6.84,3.0,0.0,59.0,0.39,0.06,0.04,1.8324999999999998
Ulaanbaatar,6.67,0.0,0.0,81.0,9.31,0.28,,5.420000000000001
Bariloche,5.0,1.0,1.0,2.0,,3.3,0.09,2.796666666666667
Santiago Arturo Merino Benitez,6.67,0.0,0.0,84.0,0.16,0.0,,2.276666666666667
Krakow Balice,6.79,2.0,0.0,55.0,0.02,0.0,0.14,1.7374999999999998
Singapore - Changi,6.83,3.0,0.0,62.0,10.0,0.0,3.57,5.1
Addis Ababa,6.81,7.0,0.0,163.0,0.29,0.0,1.16,2.065
Oslo,6.78,2.0,0.0,60.0,10.0,0.0,,5.593333333333334
Pointe-a-Pitre,6.35,3.0,4.0,53.0,0.34,0.0,0.59,1.8199999999999998
Porto,6.89,3.0,0.0,45.0,0.14,0.0,1.36,2.0974999999999997
Bujumbura,5.0,0.0,4.0,16.0,10.0,0.04,0.02,3.7649999999999997
Phu Quok,6.87,2.0,0.0,33.0,0.35,0.03,0.0,1.8125
Marseille,6.76,4.0,1.0,68.0,2.23,0.0,0.2,2.2975
Shandong,6.85,4.0,0.0,72.0,,,,6.85
Grenoble,6.35,2.0,2.0,21.0,1.52,,,3.9349999999999996
Brasilia,6.81,4.0,0.0,93.0,0.19,0.01,0.15,1.79
Porto Alegre,6.85,4.0,0.0,73.0,3.33,0.05,0.6,2.7075
Nanning Wuxu,6.7,3.0,1.0,88.0,0.34,0.17,2.92,2.5324999999999998
Bydgoszcz,5.17,1.0,5.0,20.0,10.0,0.01,0.98,4.04
Abidjan,6.56,4.0,3.0,64.0,0.12,0.01,,2.23
Corfu,5.59,1.0,11.0,65.0,0.45,0.01,0.26,1.5775
Moscow - Domodedovo,6.76,2.0,0.0,68.0,0.11,0.02,2.46,2.3375
Chania,5.86,2.0,8.0,58.0,0.13,0.01,2.03,2.0075
Marka,6.89,2.0,0.0,30.0,0.91,,,3.9
Praia,6.85,3.0,0.0,55.0,0.85,0.01,5.51,3.3049999999999997
Recife,6.86,5.0,0.0,88.0,0.82,0.01,0.06,1.9375
Wuhan Tianhe,6.07,1.0,9.0,95.0,0.3,0.01,9.7,4.02
Juba,6.9,1.0,0.0,14.0,10.0,0.04,0.31,4.312499999999999
Cardiff,6.43,0.0,2.0,57.0,0.0,0.01,0.0,1.6099999999999999
Ostrava,6.83,1.0,0.0,20.0,2.5,,0.19,3.1733333333333333
London Gatwick,6.58,2.0,2.0,74.0,0.01,0.0,,2.1966666666666668
Denizli Cardak Airport,6.85,5.0,0.0,93.0,0.32,0.11,0.56,1.96
Panama Tocumen,6.79,3.0,0.0,81.0,0.2,0.0,0.29,1.82
Basel,6.35,5.0,7.0,94.0,0.28,0.0,0.3,1.7325
Tokyo - Haneda,5.05,0.0,8.0,33.0,10.0,0.0,0.04,3.7725
Milan - Malpensa,6.82,3.0,0.0,67.0,0.76,0.0,0.15,1.9325
Moscow - Sheremetyevo,6.8,2.0,0.0,49.0,1.08,0.01,,2.63
London Luton,6.46,2.0,3.0,64.0,0.58,0.01,0.32,1.8425
London Stansted,6.57,2.0,2.0,72.0,0.01,0.0,0.72,1.825
Natal,6.84,4.0,0.0,77.0,0.5,0.07,0.19,1.9000000000000001
Rhodes,5.6,1.0,13.0,78.0,0.18,0.01,0.11,1.4749999999999999
Lodz,6.83,2.0,0.0,41.0,0.37,0.01,1.3,2.1275
Olsztyn,6.84,2.0,0.0,39.0,2.0,,,4.42
Guatemala City,6.89,4.0,0.0,61.0,0.0,0.0,0.14,1.7574999999999998
Perth,6.71,1.0,0.0,70.0,0.37,0.0,,2.36
San Salvador Comalapa,6.84,4.0,0.0,76.0,0.28,0.0,0.0,1.78
Durban,6.74,1.0,0.0,45.0,1.88,0.01,0.3,2.2325000000000004
Yerevan,6.67,0.0,0.0,82.0,8.14,0.0,0.06,3.7175000000000002
Tunis,6.4,5.0,9.0,160.0,0.01,0.0,0.15,1.6400000000000001
Alicante,6.32,1.0,4.0,68.0,0.17,0.0,0.16,1.6625
Antigua,6.79,1.0,0.0,28.0,10.0,0.0,,5.596666666666667
Tegucigalpa,9.0,7.0,0.0,10.0,,,,9.0
Ohrid,6.83,3.0,0.0,63.0,10.0,,0.17,5.666666666666667
Birmingham,6.38,0.0,3.0,71.0,0.01,0.0,1.11,1.875
Rosario,6.9,1.0,0.0,14.0,,0.51,4.03,3.813333333333334
Enfidha,6.85,7.0,0.0,127.0,0.27,0.0,0.06,1.7949999999999997
Basseterre (Saint Kitts),6.79,3.0,0.0,81.0,0.25,0.01,,2.35
Krasnodar,7.47,6.0,0.0,25.0,,,,7.47
Johor Bahru,6.13,0.0,2.0,25.0,2.63,2.21,0.09,2.7649999999999997
Cordoba,6.89,1.0,0.0,15.0,,0.16,,3.525
Palermo,6.86,2.0,0.0,34.0,0.0,0.01,1.11,1.995
Cheongju,6.08,0.0,9.0,102.0,0.91,0.13,2.65,2.4425
Cali,6.8,3.0,0.0,73.0,0.2,0.0,0.08,1.77
Mahon Airport,6.26,1.0,4.0,58.0,0.01,0.01,,2.0933333333333333
Copenhagen,6.83,2.0,0.0,41.0,10.0,0.0,0.93,4.4399999999999995
Salzburg,6.78,1.0,0.0,29.0,10.0,0.0,0.53,4.327500000000001
London City,6.8,2.0,0.0,50.0,0.18,0.01,0.03,1.755
Liverpool,6.47,0.0,2.0,68.0,0.0,0.0,,2.1566666666666667
Duesseldorf,6.8,3.0,0.0,75.0,10.0,0.0,0.09,4.2225
Cape Town,6.9,3.0,0.0,42.0,1.46,0.01,0.15,2.13
PRISTINA,6.93,6.0,0.0,75.0,10.0,0.0,3.22,5.0375
Fuerteventura,6.76,2.0,0.0,70.0,0.35,0.01,0.06,1.7949999999999997
Kazan,8.75,5.0,0.0,8.0,,,,8.75
Sardar Vallabh Bhai Patel,4.87,0.0,7.0,26.0,10.0,0.01,9.31,6.0475
Mangalore,4.87,0.0,7.0,26.0,10.0,0.01,0.13,3.7525000000000004
Zia,4.93,1.0,7.0,25.0,10.0,0.01,0.06,3.75
Espargos,6.5,5.0,5.0,99.0,0.68,0.01,0.0,1.7974999999999999
Ekaterinburg,6.79,1.0,0.0,28.0,10.0,0.01,1.63,4.6075
Novosibirsk,6.83,1.0,0.0,21.0,,0.01,0.07,2.3033333333333332
Strasbourg,6.92,1.0,0.0,13.0,3.33,0.0,1.83,3.02
Kota Kinabalu,6.67,0.0,0.0,20.0,3.75,0.41,0.47,2.825
Nanchang Changbei,6.62,1.0,1.0,80.0,1.61,0.37,4.77,3.3425
Muscat,6.78,2.0,0.0,61.0,10.0,0.01,1.16,4.487500000000001
Beirut - Rafik Hariri,6.77,2.0,0.0,63.0,0.0,0.0,0.09,1.7149999999999999
Elblag,5.0,0.0,4.0,16.0,4.17,,,4.585
Sanya Fenghuang,6.71,1.0,0.0,80.0,0.68,0.36,0.11,1.965
Southampton,6.71,1.0,0.0,72.0,0.01,0.01,,2.243333333333333
Cochin,6.67,0.0,0.0,31.0,10.0,0.01,0.22,4.2250000000000005
Stavanger,6.78,2.0,0.0,58.0,10.0,0.0,0.01,4.197500000000001
Santiago De Compostela,6.79,2.0,0.0,53.0,0.02,0.01,0.16,1.7449999999999999
Billund,6.67,0.0,0.0,18.0,10.0,0.0,,5.5566666666666675
Belize City,5.38,2.0,6.0,26.0,10.0,0.0,,5.126666666666666
Curacao,6.75,1.0,0.0,40.0,10.0,0.0,,5.583333333333333
Bourgas,6.2,1.0,3.0,36.0,0.11,0.01,0.5,1.705
Oita,7.22,1.0,0.0,6.0,0.0,1.61,,2.9433333333333334
Poznan-Lawica,4.81,0.0,5.0,18.0,10.0,0.0,,4.9366666666666665
Bordeaux,6.5,2.0,2.0,39.0,1.52,0.0,0.01,2.0075
Kutahya Airport,6.95,9.0,0.0,105.0,1.93,,0.28,3.0533333333333332
Charleroi,6.67,2.0,1.0,21.0,10.0,0.0,,5.5566666666666675
St. George's Point Saline,6.81,3.0,0.0,72.0,0.53,0.01,0.59,1.9849999999999999
Alexandria,6.76,3.0,0.0,111.0,0.0,,0.22,2.3266666666666667
Fort-de-France,6.15,3.0,6.0,58.0,0.34,0.0,0.1,1.6475
Miyazaki,6.67,0.0,0.0,6.0,10.0,2.52,,6.396666666666667
Haiphong,8.33,2.0,0.0,4.0,,1.92,0.16,3.47
Asyut,5.33,2.0,6.0,25.0,,0.0,,2.665
Aomori,4.44,0.0,2.0,6.0,10.0,2.73,0.6,4.442500000000001
Aalborg,6.67,0.0,0.0,13.0,10.0,0.0,,5.5566666666666675
Varna,6.76,1.0,0.0,36.0,0.11,0.01,0.34,1.805
Christchurch,4.44,0.0,3.0,9.0,10.0,0.01,,4.816666666666667
Asturias,6.97,2.0,0.0,22.0,0.0,0.01,,2.3266666666666667
St. Petersburg Pulkovo,6.75,1.0,0.0,38.0,0.05,0.01,0.55,1.8399999999999999
Pengsheng,5.0,1.0,4.0,14.0,,0.0,,2.5
Krasnoyarsk,6.88,3.0,0.0,46.0,1.25,0.27,0.34,2.1849999999999996
Paris Orly,6.76,4.0,1.0,68.0,0.83,0.0,,2.53
Bremen,6.77,1.0,0.0,31.0,0.0,0.0,,2.2566666666666664
Yangyang,6.67,0.0,0.0,73.0,0.79,,,3.73
East Midlands,6.15,0.0,5.0,65.0,0.01,0.0,0.26,1.605
Sochi,6.75,1.0,0.0,39.0,0.29,0.02,0.09,1.7874999999999999
Dresden,7.14,3.0,0.0,21.0,1.67,0.0,,2.936666666666666
Nador,6.86,6.0,0.0,102.0,0.52,0.01,0.04,1.8575000000000002
Muan,6.56,0.0,1.0,61.0,1.18,,0.12,2.6199999999999997
Vientiane,5.93,0.0,4.0,36.0,1.19,0.09,5.28,3.1224999999999996
Glasgow Prestwick,6.36,0.0,2.0,43.0,0.07,0.01,0.22,1.665
Tirana,6.19,4.0,10.0,113.0,0.27,0.01,0.04,1.6275000000000002
Kaohsiung,5.89,0.0,5.0,43.0,0.02,0.13,0.28,1.5799999999999998
Graz,6.79,1.0,0.0,26.0,10.0,0.0,,5.596666666666667
Rzeszow,5.0,0.0,5.0,20.0,10.0,0.01,,5.003333333333333
Jaipur,4.87,0.0,7.0,26.0,10.0,0.02,,4.963333333333334
Cologne,6.91,3.0,0.0,41.0,0.06,0.0,0.55,1.88
Mazatlan,6.85,5.0,0.0,91.0,0.2,0.0,,2.35
Minsk,6.79,1.0,0.0,26.0,10.0,0.01,9.64,6.61
Goa,4.87,0.0,7.0,26.0,10.0,0.02,0.05,3.7350000000000003
Santander,6.92,2.0,0.0,26.0,0.0,0.01,0.05,1.7449999999999999
Palma De Mallorca,6.48,2.0,3.0,72.0,0.1,0.01,0.21,1.7
Trichy,4.87,0.0,7.0,26.0,10.0,0.01,2.85,4.4325
Netaji Subhash Chandra Bose Int. Airport,4.87,0.0,7.0,26.0,10.0,0.01,0.43,3.8275
Jieyang Chaoshan,6.71,1.0,0.0,74.0,,,,6.71
Penang,6.67,0.0,0.0,21.0,3.12,0.02,0.62,2.6074999999999995
Everrich Downtown Kinmen,5.89,0.0,5.0,43.0,0.02,,0.15,2.02
Ciampino Airport,5.83,1.0,5.0,36.0,0.2,0.01,,2.013333333333333
Roland Garros,6.67,2.0,1.0,31.0,1.03,0.03,0.32,2.0125
A Coruna,6.92,2.0,0.0,26.0,0.36,0.02,,2.433333333333333
Montpellier,6.88,1.0,0.0,16.0,,0.0,1.27,2.716666666666667
Stockholm Arlanda,6.92,2.0,0.0,26.0,10.0,0.0,0.38,4.325
Niamey,5.0,1.0,4.0,14.0,10.0,0.06,,5.0200000000000005
Tarbes - Lourdes,6.67,0.0,0.0,20.0,0.48,,0.64,2.5966666666666667
Karipur,4.87,0.0,7.0,26.0,10.0,0.01,9.2,6.02
Kutaisi,6.78,1.0,0.0,29.0,10.0,0.01,0.16,4.237500000000001
Samarkand,10.0,8.0,0.0,8.0,,,,10.0
Luxor,6.79,4.0,0.0,112.0,0.0,0.01,0.34,1.785
Sydney,6.67,0.0,0.0,21.0,10.0,0.0,0.03,4.175000000000001
Rotterdam,6.92,1.0,0.0,13.0,0.36,0.0,0.76,2.0100000000000002
Hamburg,6.82,3.0,0.0,64.0,10.0,0.0,0.41,4.3075
Beauvais,6.53,1.0,1.0,25.0,0.06,0.0,,2.1966666666666668
Acapulco,8.48,30.0,0.0,55.0,,,,8.48
Min Vody,6.75,1.0,0.0,40.0,0.06,0.02,0.02,1.7124999999999997
Siem Reap,7.16,14.0,0.0,95.0,,,,7.16
Queretaro,7.14,2.0,0.0,14.0,,0.0,0.54,2.56
Kos,6.72,1.0,0.0,60.0,0.5,0.01,0.18,1.8524999999999998
Shenzhen Bao'an,7.19,13.0,0.0,83.0,,,,7.19
Pula,8.89,2.0,0.0,3.0,,,,8.89
Kyiv,7.5,11.0,0.0,44.0,,,,7.5
Sandefjord-Torp,6.05,1.0,3.0,27.0,10.0,0.0,5.33,5.345000000000001
Kristiansand,7.6,9.0,0.0,32.0,,,,7.6
Lisbon,6.86,3.0,0.0,53.0,0.14,0.0,0.11,1.7775
Vilnius,6.94,1.0,0.0,12.0,10.0,0.0,,5.646666666666667
Soekarno Hatta,6.85,3.0,0.0,54.0,0.32,0.0,0.09,1.815
Venice,6.78,2.0,0.0,60.0,0.56,0.0,0.06,1.8499999999999999
La Palma,5.96,3.0,8.0,61.0,0.08,0.01,0.06,1.5274999999999999
Torino,5.78,0.0,2.0,15.0,10.0,0.0,0.15,3.9825000000000004
Kilimanjaro,6.75,3.0,1.0,41.0,0.03,0.02,,2.2666666666666666
Fuzhou Changle,6.02,0.0,9.0,93.0,0.21,0.04,0.08,1.5875
Volgograd,6.88,2.0,0.0,32.0,0.29,0.06,0.4,1.9075
Lusaka,6.92,1.0,0.0,13.0,10.0,0.01,1.27,4.550000000000001
Conakry,9.17,9.0,0.0,12.0,,,,9.17
Sihanoukville,6.72,1.0,0.0,59.0,0.06,0.01,,2.263333333333333
Sfax,6.12,3.0,5.0,43.0,0.01,0.03,0.06,1.555
Taiyuan Wusu,6.71,1.0,0.0,80.0,0.71,0.13,0.55,2.025
Odessa,7.62,6.0,0.0,21.0,,,,7.62
Makhachkala,6.94,1.0,0.0,12.0,10.0,0.02,0.14,4.275
Banja Luka,6.67,2.0,1.0,22.0,1.15,,,3.91
Chambery,6.86,1.0,0.0,17.0,0.3,,,3.58
Helsinki-Vantaa,7.04,1.0,0.0,9.0,,0.0,,3.52
Rabil,6.09,2.0,5.0,46.0,0.85,0.01,5.51,3.1149999999999998
Kinshasa,6.92,1.0,0.0,13.0,,0.0,,3.46
Moi,8.89,8.0,0.0,12.0,,,,8.89
Quito,6.86,4.0,0.0,70.0,0.0,0.0,0.23,1.7725000000000002
Tozeur,6.36,1.0,2.0,33.0,0.24,,,3.3000000000000003
Mendoza,6.85,1.0,0.0,18.0,,2.03,,4.4399999999999995
Faroe Islands,6.67,0.0,0.0,16.0,10.0,,7.36,8.01
Bandaranaike,5.1,0.0,8.0,34.0,10.0,0.01,2.46,4.3925
Riga,6.9,1.0,0.0,14.0,10.0,0.0,0.12,4.255
Khabarovsk,7.67,6.0,0.0,20.0,,,,7.67
Norwich,6.82,2.0,0.0,44.0,0.03,0.02,1.5,2.0925000000000002
Togo,5.83,1.0,3.0,20.0,10.0,0.0,0.3,4.0325
Dortmund,6.77,1.0,0.0,32.0,10.0,0.0,0.48,4.3125
Ras El Khaymah,6.8,2.0,0.0,50.0,10.0,0.01,0.11,4.23
Nantes,6.6,3.0,2.0,51.0,0.83,0.0,0.12,1.8875
Kralendijk (Bonaire),6.79,1.0,0.0,26.0,10.0,0.01,,5.6000000000000005
Chisinau,7.76,17.0,0.0,52.0,,,,7.76
La Paz Manuel Marquez de Leon,6.84,2.0,0.0,39.0,4.0,,0.67,3.8366666666666664
Jerez De La Frontera,6.91,3.0,0.0,41.0,0.11,0.01,0.14,1.7925
Buenos Aires Aeroparque,6.91,3.0,0.0,41.0,,0.17,,3.54
Trondheim,6.79,2.0,0.0,56.0,10.0,0.0,2.78,4.8925
Lucknow,4.87,0.0,7.0,26.0,10.0,0.02,0.23,3.7800000000000002
Vienna,6.77,1.0,0.0,31.0,10.0,0.0,0.13,4.225
Santa Cruz Viru Viru,10.0,8.0,0.0,8.0,,,,10.0
Kyiv - Zhulyany,7.72,13.0,0.0,41.0,,,,7.72
Beira,8.75,5.0,0.0,8.0,,,,8.75
Nouakchott,6.9,3.0,0.0,42.0,6.4,0.03,,4.443333333333333
Samos,6.76,1.0,0.0,34.0,0.16,0.02,0.3,1.8099999999999998
Kharkiv,7.78,5.0,0.0,15.0,,,,7.78
London Heathrow,6.55,3.0,3.0,83.0,0.01,0.01,0.19,1.69
Skiathos,6.67,0.0,0.0,33.0,0.94,,,3.8049999999999997
Jersey,6.67,0.0,0.0,30.0,0.0,0.02,0.07,1.69
Umea,7.08,1.0,0.0,8.0,,,1.0,4.04
Lviv,7.36,15.0,0.0,72.0,,,,7.36
Providenciales (Turks and Caicos),7.5,1.0,0.0,4.0,,,,7.5
Belgorod,7.78,3.0,0.0,9.0,,,,7.78
Basrah,6.81,1.0,0.0,24.0,10.0,0.01,,5.6066666666666665
Yancheng Nanyang,6.73,1.0,0.0,54.0,0.97,1.76,,3.1533333333333338
Karpathos,5.76,1.0,2.0,11.0,0.0,,,2.88
Verona,6.83,2.0,0.0,41.0,0.48,0.0,,2.436666666666667
Eskisehir Airport,6.87,5.0,0.0,81.0,0.03,,0.31,2.4033333333333333
Voronezh,7.85,11.0,0.0,31.0,,,,7.85
Samara,6.67,0.0,0.0,13.0,10.0,0.02,,5.5633333333333335
Buenos Aires - Ezeiza,6.84,3.0,0.0,57.0,,0.0,0.31,2.3833333333333333
Aarhus,6.67,0.0,0.0,15.0,10.0,0.0,,5.5566666666666675
Sierra Leone,5.42,1.0,2.0,8.0,,0.01,1.66,2.3633333333333333
Bari,5.78,0.0,2.0,15.0,10.0,0.0,0.24,4.005
Edinburgh,6.47,0.0,2.0,69.0,0.01,0.01,0.02,1.6274999999999997
Eindhoven,6.88,1.0,0.0,16.0,0.36,0.0,,2.4133333333333336
Abuja,6.28,3.0,4.0,43.0,0.1,0.01,0.26,1.6624999999999999
Astrakhan,6.9,3.0,0.0,43.0,6.0,1.84,0.18,3.73
Anna,4.87,0.0,7.0,26.0,10.0,0.0,,4.956666666666667
Baghdad,6.78,1.0,0.0,29.0,10.0,0.01,,5.596666666666668
Dublin,5.83,0.0,3.0,24.0,0.0,0.0,0.35,1.545
Nis,6.53,1.0,1.0,25.0,0.53,,,3.5300000000000002
Cam Ranh,6.22,0.0,2.0,30.0,2.76,0.15,0.08,2.3025
Brisbane,6.67,0.0,0.0,20.0,10.0,0.0,,5.5566666666666675
Luanda,6.9,1.0,0.0,14.0,,0.0,,3.45
Madeira,6.67,2.0,1.0,24.0,0.0,0.01,0.63,1.8275
Bilbao,6.84,3.0,0.0,58.0,0.02,0.01,0.07,1.7349999999999999
Kuala Lumpur,6.52,2.0,2.0,47.0,0.05,0.01,,2.193333333333333
Erfurt,10.0,7.0,0.0,7.0,,,,10.0
Granada,5.76,1.0,2.0,11.0,0.36,0.02,0.04,1.545
Warsaw-Modlin,6.92,2.0,0.0,26.0,4.74,0.0,1.94,3.4
Sarajevo,4.91,0.0,5.0,19.0,10.0,0.01,1.3,4.055
Wroclaw,5.17,1.0,5.0,20.0,10.0,0.0,,5.056666666666667
Zanzibar,5.44,1.0,4.0,19.0,,0.01,,2.725
Okayama,6.44,0.0,1.0,29.0,1.88,3.78,9.2,5.324999999999999
Bamako,6.89,1.0,0.0,15.0,10.0,0.01,,5.633333333333334
Tashkent,5.6,2.0,5.0,25.0,0.62,0.0,0.19,1.6025
Liberia,5.24,1.0,2.0,7.0,10.0,0.0,0.05,3.8225000000000002
Cork,5.67,0.0,3.0,20.0,0.0,0.0,0.08,1.4375
Lubumbashi,7.14,1.0,0.0,7.0,,0.49,0.07,2.566666666666667
Ramon,10.0,15.0,0.0,15.0,,,,10.0
Kavala,5.52,1.0,6.0,32.0,0.16,,1.63,2.4366666666666665
Munster-Osnabruck,4.9,1.0,5.0,17.0,,0.0,0.63,1.8433333333333335
Radom,5.56,1.0,2.0,9.0,10.0,0.0,,5.1866666666666665
Brussels,6.67,2.0,1.0,23.0,10.0,0.0,0.23,4.2250000000000005
Memmingen,10.0,4.0,0.0,4.0,,,,10.0
Entebbe,4.8,0.0,7.0,25.0,10.0,0.01,0.16,3.7425
Bridgetown,6.76,1.0,0.0,34.0,10.0,0.0,0.34,4.2749999999999995
Maputo,9.17,9.0,0.0,12.0,,,,9.17
Mitilini,6.77,1.0,0.0,33.0,0.94,0.02,,2.576666666666666
Shymkent,7.92,9.0,0.0,24.0,,,,7.92
Guernsey,5.56,1.0,2.0,9.0,10.0,0.02,2.71,4.5725
Ufa,7.62,8.0,0.0,28.0,,,,7.62
Alesund,8.97,9.0,0.0,13.0,,,,8.97
Hrabrovo,7.62,10.0,0.0,35.0,,,,7.62
Vladivostok,9.67,9.0,0.0,10.0,,,,9.67
Coolangatta,8.33,3.0,0.0,6.0,,,,8.33
Tuzla,4.91,0.0,5.0,19.0,10.0,,0.0,4.97
Yangon,5.77,1.0,4.0,26.0,0.11,0.05,1.11,1.76
Tulear,6.97,1.0,0.0,11.0,,,,6.97
Ioannina,6.98,2.0,0.0,21.0,3.33,,0.28,3.53
Paderborn,6.82,2.0,0.0,44.0,0.53,0.0,1.26,2.1525000000000003
Hatay Airport,9.52,12.0,0.0,14.0,,,,9.52
Nairobi,6.67,0.0,0.0,10.0,10.0,1.87,0.24,4.695
Bangui,8.33,2.0,0.0,4.0,,,,8.33
Yingsheng,10.0,10.0,0.0,10.0,,,,10.0
San Jose,5.24,1.0,2.0,7.0,10.0,0.0,,5.08
Djibouti,5.0,1.0,2.0,6.0,,0.01,,2.505
Nanjing Lukou,5.42,1.0,2.0,8.0,0.3,0.04,0.2,1.49
Pamandzi,4.85,0.0,3.0,11.0,10.0,0.03,,4.96
Hebei,5.15,1.0,3.0,11.0,,0.37,0.3,1.9400000000000002
Takamatsu,5.0,0.0,3.0,12.0,10.0,0.38,9.31,6.1725
Budapest,8.33,2.0,0.0,4.0,,,,8.33
Queenstown,4.44,0.0,2.0,6.0,10.0,0.02,,4.82
Quanzhou,6.25,1.0,1.0,8.0,,0.13,0.21,2.1966666666666668
Nykoping,6.67,2.0,1.0,5.0,10.0,0.01,0.41,4.272500000000001
Orebro,7.78,1.0,0.0,3.0,10.0,,0.67,6.150000000000001
Zagreb,6.11,1.0,1.0,6.0,2.5,0.0,1.97,2.645
Lulea,7.33,1.0,0.0,5.0,,0.01,,3.67
Karlsruhe Baden-Baden,10.0,4.0,0.0,4.0,,,,10.0
Dushanbe,7.86,5.0,0.0,14.0,,,,7.86
Windhoek,6.67,0.0,0.0,17.0,10.0,0.01,,5.560000000000001
Kaunas,6.94,1.0,0.0,12.0,10.0,0.0,0.64,4.3950000000000005
Genoa,5.76,1.0,2.0,11.0,2.5,0.01,,2.7566666666666664
Vigo,6.86,1.0,0.0,17.0,0.06,0.02,1.27,2.0524999999999998
Guiyang Longdongbao,7.78,1.0,0.0,3.0,,0.41,0.11,2.766666666666666
Wellington,8.57,4.0,0.0,7.0,,,,8.57
Iwate,6.67,0.0,0.0,3.0,10.0,2.23,0.01,4.727500000000001
Bologna,5.78,0.0,2.0,15.0,10.0,0.0,0.17,3.9875000000000003
Kigali,4.89,0.0,4.0,15.0,10.0,0.01,0.08,3.745
Auckland,4.44,0.0,3.0,9.0,10.0,0.01,0.06,3.6275000000000004
Mandalay,5.42,1.0,2.0,8.0,,2.62,,4.02
Brno,4.44,0.0,3.0,9.0,10.0,0.01,1.26,3.9275
Podgorica,5.56,1.0,1.0,3.0,,0.0,0.16,1.9066666666666665
Shizuoka,5.83,0.0,1.0,8.0,10.0,2.92,0.1,4.7125
Harare,10.0,3.0,0.0,3.0,,,,10.0
Gothenburg,6.67,0.0,0.0,4.0,,0.0,0.02,2.23
Zadar,8.89,2.0,0.0,3.0,,,,8.89
Mombasa,9.0,7.0,0.0,10.0,,,,9.0
Dnipropetrovsk,8.0,2.0,0.0,5.0,,,,8.0
La Paz El Alto,10.0,5.0,0.0,5.0,,,,10.0
Yaounde,8.15,4.0,0.0,9.0,,,,8.15
Kagoshima,5.71,0.0,1.0,7.0,8.44,0.26,9.19,5.8999999999999995
Gibraltar,5.33,0.0,3.0,15.0,10.0,0.02,9.64,6.2475000000000005
Dubrovnik,7.78,1.0,0.0,3.0,10.0,0.0,0.07,4.4625
Gaborone,7.78,1.0,0.0,3.0,,1.15,0.1,3.01
Montevideo,6.67,0.0,0.0,10.0,,0.02,4.03,3.573333333333333
Manila - Ninoy Aquino,6.92,1.0,0.0,13.0,,0.0,0.29,2.4033333333333333
Split,7.78,1.0,0.0,3.0,10.0,0.0,0.22,4.5
Aktau,10.0,7.0,0.0,7.0,,,,10.0
Kalibo,7.78,1.0,0.0,3.0,,2.56,0.11,3.483333333333333
Cairns,7.08,1.0,0.0,8.0,10.0,0.02,1.63,4.682499999999999
Adelaide,6.19,1.0,1.0,7.0,10.0,0.01,0.04,4.0600000000000005
Punta del Este,3.33,1.0,1.0,1.0,,,,3.33
Fukushima,6.67,0.0,0.0,3.0,10.0,2.36,7.51,6.635
Mactan,6.67,0.0,0.0,3.0,,,,6.67
Islamabad,3.33,1.0,1.0,1.0,,,,3.33
Zhukovsky,,,,,10.0,,,10.0
Daegu (downtown),,,,,0.16,,,0.16
Cartagena de Indias,,,,,10.0,,,10.0
Busan - Kimhae (downtown),,,,,0.12,,,0.12
Seoul (downtown),,,,,0.47,,,0.47
Tokyo - Shinjuku,,,,,10.0,,,10.0
Jeju (downtown),,,,,0.2,,,0.2
Danang Downtown Shop,,,,,2.76,,,2.76
